{
  "body_acc_x": {
    "mean": -0.0034151258624719465,
    "std": 0.18293930479963363
  },
  "body_acc_y": {
    "mean": 0.001353847390555243,
    "std": 0.1132797201095558
  },
  "body_acc_z": {
    "mean": 0.0005729338685139902,
    "std": 0.09776058825690942
  },
  "body_gyro_x": {
    "mean": 0.0017792062387599057,
    "std": 0.3788675555249177
  },
  "body_gyro_y": {
    "mean": -0.003527445076780468,
    "std": 0.34359454830883057
  },
  "body_gyro_z": {
    "mean": 0.0018334732006565196,
    "std": 0.2369348938444486
  },
  "total_acc_x": {
    "mean": 0.8047462081482836,
    "std": 0.41406521676775704
  },
  "total_acc_y": {
    "mean": 0.02876997182014517,
    "std": 0.39092657311936285
  },
  "total_acc_z": {
    "mean": 0.0866179732113367,
    "std": 0.3573448707282245
  }
}